trial_id,colsample_bytree,gamma,learning_rate,max_depth,min_child_weight,n_estimators,reg_alpha,reg_lambda,subsample,best_round,cv_logloss_mean,cv_logloss_std,cv_accuracy_mean,cv_accuracy_std
0,0.6872700594236812,3.6010467344475403,0.06504856968981275,6,5,202,0.00010291881465670109,0.002802849769496466,0.7296244459829335,110,0.6350298263420214,0.02374419396664571,0.8213222281447807,0.012377164568157281
1,0.6668543055695109,1.931084870540406e-07,0.040957144541603416,6,2,443,0.31044435499483225,0.00892622738184373,0.5909124836035503,443,0.3437490884395681,0.018031054905349134,0.890639409330456,0.00674006453906048
2,0.5917022549267169,5.472429642032198e-06,0.0199473547030745,5,9,148,0.0005284111125757584,0.061691603037343404,0.5233328316068078,148,0.9263343563823995,0.017805985363906474,0.7746514756954637,0.010134557891302656
3,0.9868777594207296,1.2443486010325558e-06,0.0016766527469302226,7,3,463,0.00042472707398058225,0.4490677404109781,0.5232252063599989,463,1.4455189246396025,0.014516969064231394,0.7790288204220254,0.009916445788473538
4,0.8037724259507192,3.425445902633376e-07,0.0014492412389916862,5,9,415,0.0011737996092661858,0.05315650460410773,0.5079831261101071,390,1.695208232740103,0.010615255778982875,0.7103363256603588,0.013632772376210729
5,0.6154469128110744,1.476485527035526e-06,0.04926364988526881,5,13,363,2.039373116525212e-08,11.779794101330705,0.6293899908000085,363,0.481007039058447,0.01763800917287296,0.8534780420491217,0.002803589872191516
6,0.831261142176991,6.388511557344611e-06,0.01942099825171803,3,4,409,1.9134610757932285e-08,5.90216120103914,0.7248770666848828,409,0.7687176959570738,0.02105217394896109,0.7718988166101937,0.011134993345001863
7,0.6975751180009072,2.1874079799487576,0.06332000185282426,8,8,561,5.805581976088804e-07,0.001593999043568401,0.6626651653816322,164,0.533951698895229,0.018261500115848848,0.8463465510750227,0.008387926626034097
8,0.6943386448447411,2.7678419414850017e-06,0.11294923622078903,3,9,351,0.0029060844403562135,0.017206074702554055,0.6481367528520412,351,0.4123085797982209,0.017442342849696986,0.8659902426500918,0.007411111933098242
9,0.5826334695315012,1.382699037945253e-08,0.011189657849413852,2,12,235,1.1212412169964432e-08,4.476305242680426,0.8534286719238086,235,1.3733017700760282,0.016733502182741087,0.6184950544027439,0.018701023045700198
10,0.8645035840204937,0.08738424135626986,0.00152551885793314,8,10,140,1.716473409066866,6.393310307063141,0.7247253370691017,140,2.025969923260757,0.0062863473383329305,0.6976970118213746,0.016014101841657163
11,0.5477050582452057,2.17452432291623e-05,0.04537335394667876,6,3,271,0.005470376807480391,9.37905380401463,0.7361074625809747,271,0.455426510022349,0.019159883936406347,0.8669921203881337,0.005011222975722544
12,0.5597971229691509,0.02625445968759339,0.07665788170871725,3,7,354,2.0165774425168896e-06,0.001517141482146489,0.8553314448428937,354,0.46364432363206926,0.02007074982573692,0.8556050754500035,0.0087372364298118
13,0.5554454104059157,8.995566465852161e-05,0.0031599697383525734,9,7,340,6.748446817464346e-06,0.18920501825415298,0.9537832369630466,340,1.267691136976494,0.01511085758779786,0.8119379211506565,0.00815808117825144
14,0.6246461145744375,4.9368087974032924e-05,0.07440322909623881,5,13,259,0.002453517717010258,1.2901386652687716,0.9402339195076288,259,0.4139596204784234,0.01749939982830412,0.8701200139949796,0.00872296791015229
15,0.8121770240668966,4.578288672385767e-06,0.001825248807094868,5,12,207,4.776728196949699e-07,9.910483966084707,0.7696711209578253,85,2.1095512670160854,0.004006868202062062,0.6634140079727552,0.01869762354565223
16,0.9037200775820313,1.16097187606918,0.0061338502201741816,2,1,476,0.006748559555809631,0.001005378956729769,0.6762844281670846,476,1.3029026286125174,0.018993695948528108,0.633635853447203,0.016469169352524102
17,0.6523906290790145,3.033211391057483e-07,0.02103799040280046,7,5,324,1.1989147575590843e-07,0.03247461864697117,0.9714548519562596,324,0.4805074184592081,0.018633404034639815,0.860609846110014,0.008410102593447046
18,0.6616014660103776,0.0004667836070663388,0.05513954848805309,2,14,596,1.928584737076551e-06,0.012743656837267761,0.8481521364198942,596,0.5872716813431968,0.0177409474188664,0.8155664405397303,0.008351447490097724
19,0.856135294962221,2.1517032190107035e-07,0.29615847301836046,4,1,101,0.0003342806277473177,0.0017001083930806495,0.6393232321183058,101,0.36533492204545875,0.014450848255645563,0.8813808849554752,0.004753943204789501
20,0.9541329429833268,1.4323759352560882e-06,0.0022851892235553474,5,10,259,0.0009463195268496258,0.4503758554986515,0.5404266631663577,259,1.6790785827171226,0.011509669437849122,0.7002011582645912,0.014705823664360379
21,0.6848272280307022,1.5116089146878039e-06,0.09760556079350484,6,4,197,0.005032310118297565,0.2504541462577912,0.5451448850272042,197,0.3626869792590691,0.018420625939706867,0.8838827615194416,0.006857126662100696
22,0.917651247794619,7.709400093120135e-06,0.0028975368407468498,6,3,247,8.582822811754835e-06,0.009683801423947556,0.855574766219009,247,1.4881137226143815,0.012717828619691042,0.7646385686924164,0.011083153534975968
23,0.9047505230698577,1.3740226301938833e-05,0.0017307764564676925,2,1,523,3.024252976134463e-05,15.626213095342772,0.5687604720729966,141,2.1119880224115746,0.004451183104544261,0.5163925200434252,0.02050902588905979
24,0.6705331755251293,1.050175037995661e-07,0.19524423350212713,7,10,198,1.1401190340140422e-06,0.006071477958471642,0.9910841716647179,198,0.34974312100637706,0.013913137216740534,0.8828825274870636,0.004877985048205846
25,0.7583179456355071,2.225679232473883e-06,0.29365757950446286,7,12,552,1.2698795062871437,0.6830806621753385,0.6695148955243504,174,0.3929001351247828,0.01574978257338306,0.8689936059849671,0.004635630347739504
26,0.6746047873063304,0.03416654859330391,0.16682106627319299,9,6,219,0.9770817213609811,6.45223006109561,0.9678174971104738,155,0.3807535206903605,0.019944200634540696,0.8761247056005749,0.007634706866171024
27,0.8926703255569718,0.010492870003991251,0.02744297388220333,9,14,572,0.009365175535873002,0.0010535649755588846,0.5804040257087493,572,0.42126089498567704,0.017771864195370073,0.8662413382581886,0.00786817752153854
28,0.7743668946832931,0.01686773538090171,0.04120852721203149,2,4,260,1.4543812687035209e-08,0.16263800928161543,0.5894113546106644,260,0.8348453121043754,0.02011850608692012,0.7464984764413929,0.013425873346001933
29,0.6832343922914299,0.04983502810350691,0.06107389382483698,9,1,275,6.967434753443191e-08,0.044290260796914005,0.6326011838408627,275,0.3274832594471871,0.021892830606927326,0.8970212139783861,0.008232051450133362
30,0.6219948216895418,5.716036492601785,0.009413491373461895,7,8,382,8.11987398985281e-05,0.03692695353263881,0.8225516810152824,382,0.8332766151006284,0.01832270284838401,0.7892900835237292,0.00846775312339302
31,0.8344620298315498,0.5991120927108871,0.003717036455046942,9,3,103,1.6551741608613844e-08,0.7759928779676626,0.5885553397035245,103,1.7501850505613135,0.009327262752352808,0.7852856251677949,0.007936277287327653
32,0.9702292921764571,3.8490822633646453,0.18459928994811223,4,12,332,3.7813477875563253,0.030255840291883586,0.776382483417745,98,0.7268139641261616,0.02044908349720331,0.7761521789666727,0.008580235648587752
33,0.7861462345854191,6.652490353085203,0.0015368865581893484,6,5,515,0.4573303711170018,0.026236037644516635,0.5847463733430462,77,2.1113402011600617,0.0038997526400745613,0.7144664100920397,0.012650765140580842
34,0.7784006312291751,2.663133682430129,0.05298466627430952,9,14,379,7.590466336756462e-07,1.0110925354201408,0.679323390648082,234,0.5690051291514684,0.02041254829475366,0.8290801275202508,0.009660793470929744
35,0.6270818245348694,4.5458520370886246e-06,0.00629502347255512,9,1,492,0.021006647887921025,0.04068979239328833,0.6467959221322467,210,1.0978610347790603,0.015309479581467613,0.8478480370632145,0.005292965126482306
36,0.9046805777392568,0.19544319431466992,0.14055401945355062,6,12,490,0.000326322223997746,3.750285349198226,0.8249819653888826,181,0.3827972625993504,0.013601249192825508,0.8744993155139985,0.003010942821997424
37,0.8509834386288517,0.14525598138964968,0.16019580864213423,8,12,453,7.011928170388231e-08,0.3881774568655705,0.517971136898371,206,0.39681244073966704,0.016758812760573533,0.8682422759531341,0.005371089830287889
38,0.7327990090662301,0.0007652471350809116,0.005126222187253493,3,10,441,1.7875666543536039e-06,0.0014923401208253462,0.6516327573366114,441,1.2370079496757145,0.018821137113623602,0.6840596555575645,0.012789672994185184
39,0.7685412135983277,8.706852277189221e-06,0.11239109576115039,5,12,207,0.00403658667619465,0.002410521167810011,0.5258408605843039,207,0.41594228968670405,0.01826941970374342,0.8621130540755682,0.005609516690346152
40,0.7656773157840739,0.0007340338611651199,0.037930726187668136,5,13,469,0.00044330551549072065,0.0279199919899146,0.8975930973843518,469,0.414994028044684,0.017563013328221133,0.8706200136036212,0.006881664414440603
41,0.6354161256310371,8.927765745601032e-05,0.0015643933810778677,6,10,216,5.343880028527086e-08,0.08272101210740913,0.8442499503826832,216,1.8545445918293955,0.007411039656481575,0.7379879164152189,0.008753529752936256
42,0.5290967977542218,1.7255341095344274,0.01246694691815194,9,14,217,0.0269999714107099,0.9031995397557581,0.6399669484729714,217,0.9283596121715153,0.019632897202020196,0.787913675709396,0.00884437545727214
43,0.977432640331597,0.043759489843010535,0.023615775201572906,7,13,346,2.6880983186312132e-08,0.3421505370897252,0.5793232238212456,346,0.5215352380586132,0.01885762646359239,0.843969204783027,0.009077876313057603
44,0.5600823239028211,1.1937599389838553e-05,0.0016880970739366217,8,1,193,0.5002018067635705,1.4137139981958635,0.7370869145436626,84,2.061849958000379,0.003966531760138972,0.8004261111254609,0.004600472295780509
45,0.5489170803255008,0.0002657925942352368,0.014888364300159954,2,14,321,0.007046332680293073,0.0016412155797932318,0.9745728657956929,321,1.1447771135200904,0.020464736110324823,0.666292606220565,0.01623316911204396
46,0.9433401936490238,2.22865379917726e-06,0.0010912171980846832,4,10,195,0.510985493128338,0.8893060737814291,0.5814672135407148,36,2.2446834322564593,0.001052182455340608,0.6268771705720331,0.014699777730150502
47,0.5352843737002149,0.0060502525566875276,0.0011632464366273746,9,11,439,0.001511010912721949,0.05468696567461758,0.8216441092211766,142,2.045423087526943,0.004561033692902182,0.7513773862105618,0.008741289047714668
48,0.7291264452457583,0.0008138626231308923,0.21484363335492535,4,1,516,0.007300673841587529,0.008420753231407164,0.6369805636605669,183,0.33716865216429187,0.01601873454804673,0.8921417563073292,0.00531164678147734
49,0.607294559854187,2.4850306467131604e-05,0.001248867613123264,3,3,314,4.3721780152874547e-08,0.02679739476679992,0.9224376554847273,42,2.2358954846310937,0.0009437083103197595,0.6093623126469062,0.013134324836341069
50,0.511635967867913,0.21390273781908226,0.004991010153018044,5,10,213,0.004575995840498729,8.482983107673709,0.8675355219019429,213,1.4858061092319135,0.013114397658265544,0.7217221965230146,0.00868411381241017
51,0.9017404651924243,3.4539110844500054e-06,0.0027513083443503725,2,8,291,0.0015251802657665575,1.886582129143319,0.5638448647112329,291,1.7946105999947164,0.011083449210760175,0.5634391331879045,0.018385926227054556
52,0.6250082246080524,0.0016784024743330384,0.1405895296702052,9,5,367,7.260160911958054e-05,2.300068748470742,0.8772714370423411,263,0.3318399544237394,0.013549897380283943,0.8908910528404408,0.005195544501894254
53,0.5515619344179663,1.3273215945860712,0.017847253435850603,9,9,441,4.772177300075398e-06,0.0028031379007579338,0.5267426483736845,441,0.5187912158762774,0.018326544289315665,0.8511010871156175,0.006656725949784653
54,0.9792707484415992,0.42100601124379927,0.007570824706158706,5,14,322,3.5930587834138925,0.3692758931133953,0.8159186060848996,322,1.062799343250565,0.02028286837451647,0.737110412405751,0.011283407030969564
55,0.7242227609891598,4.3540854235085346e-06,0.00651841386381344,4,5,583,3.279071495408098,3.1474377818971684,0.556732301008724,583,0.9482955911203398,0.019959287111187492,0.7462469112031065,0.00932375964850423
56,0.9654645528436463,5.864538973811341,0.2931179724283817,3,5,262,0.9757479439393868,0.03724680809051286,0.558533508213803,68,0.7649999627073456,0.021334339675713864,0.763640369724194,0.010249883212420513
57,0.5714958410264179,0.07138314619350962,0.033993908780759724,6,6,106,6.836334042594451e-05,0.00991977016438475,0.6983258009771259,106,0.7497439793599243,0.017748172834552114,0.8179428475713466,0.007944956361486883
58,0.9459484543883883,2.086620141746946e-07,0.01868835877799022,7,3,235,2.3358081090126034e-05,0.0456467471476232,0.9063997836287513,235,0.592455255409091,0.021830558992899846,0.8443442827612063,0.01170376671108725
59,0.9736242886919293,7.4818599475110625,0.07348676264040307,7,12,514,0.00021627329238738688,0.04923753173773047,0.8525421821483299,168,0.7618145219110085,0.02154934328869601,0.7769027262815229,0.008140998188069787
60,0.6243620772151439,9.38151033141308e-06,0.011917630003680473,6,13,341,0.00016517555622018551,0.001786802667957837,0.559408958134036,341,0.7710070745598353,0.01934112379851302,0.7988005644954881,0.009469577501533662
61,0.5587631233885524,0.006964544522235876,0.07047638630346495,6,12,289,3.999503082535099e-05,0.13765357396078304,0.5414456608466771,289,0.4118315337102406,0.015078185478693367,0.8698701707340555,0.005360803027720083
62,0.7641850606486046,8.453226083908279e-05,0.09703353858572143,6,13,416,8.02005773116694e-06,0.0015642658687075451,0.9623216651117981,291,0.36317616669475355,0.015153280809404998,0.8835079966280552,0.007341898456732172
63,0.9595578576393298,1.8919580903124127e-06,0.052798024574822404,2,2,146,0.004619423115484311,1.3030204850447675,0.7272705323838866,146,0.9505929922580023,0.021109261928628935,0.7119628115507111,0.009713477979110641
64,0.8137790400420317,0.001814800153417629,0.1707173503746486,2,11,111,4.2493418124358335,0.0018157819161548035,0.697260899304065,111,0.7307973775254433,0.017896491416465668,0.7705211564486878,0.00881782052176978
65,0.5533780329679422,1.0493988481597925e-05,0.00263219279758098,5,10,235,1.5141540141293391e-05,0.4102977957587027,0.5388673184824924,235,1.6813325870826605,0.009751963171867552,0.7178441469598098,0.012654741694105319
66,0.9871974038330833,7.5144413702907125,0.05363289266069672,2,9,516,5.0218124361005515e-05,0.4997209719106854,0.6354788212575649,277,0.8510141664414993,0.023419053587373447,0.739491672282661,0.012533081025465997
67,0.5665925626118749,4.850688837960077e-08,0.21370337438085682,4,5,402,1.873220778579575,0.0023467926001230067,0.9383307429628964,180,0.3782512142068611,0.015423791065211833,0.8780027567292136,0.004688884110859543
68,0.775793936272035,3.0444465254047196e-07,0.01044068012695183,7,1,245,7.682192116846543,0.004714489363270081,0.7970653576760676,245,0.9793049650722733,0.01977352255534013,0.7737730324256165,0.012561111502752824
69,0.6904454283155108,5.360799696389113,0.1219075725255199,6,1,197,2.144849424684117e-08,0.003974405416815576,0.5068359824134987,151,0.7086138621305054,0.018518545980469713,0.7882889102309719,0.009080491774098311
70,0.5376795301762312,0.016804653982347404,0.021068834673593696,6,6,358,0.0009974367153404752,2.7723617679895187,0.9723828649412141,358,0.5298336556999875,0.017967277066884172,0.8502243658231325,0.00842381242832198
71,0.9248236953387057,1.6831891217475308e-06,0.01306328656011828,7,1,150,2.9688357649855495e-06,0.008468048016474031,0.9391103337395961,150,0.920055971942799,0.019025141278701658,0.8121860424342184,0.009644997280331625
72,0.8784995660861143,2.6428238055977135e-08,0.004629502423508547,8,10,349,0.00048169186088764174,2.869214963190627,0.7600817505559967,349,1.1377774150520703,0.019094146944144543,0.7720219379915951,0.011513452811368282
73,0.9260907501592701,0.0009271746499000013,0.024519486565028243,7,11,412,0.002039872739856988,0.14100158746427527,0.7102678893325376,412,0.45055629407919123,0.017424906712066823,0.8636133659882859,0.007051284355209587
74,0.8923341319721547,0.005678742977584357,0.09867184682794487,8,6,291,1.351767469947463e-08,0.03712128583048964,0.7949588434273165,171,0.3536189579912215,0.015455044017750426,0.8865116730497237,0.007595886913251727
75,0.6961220225498661,8.65514400728423e-05,0.17366436783471773,5,9,265,0.00011433890447214117,11.92038582465421,0.6489797257709753,265,0.3729057181171079,0.014155809429942236,0.8776275222076376,0.006536043043887432
76,0.7618011380075056,0.019001016865546345,0.09396306275656996,3,8,500,0.0002685632833057292,0.014328193559586094,0.7295678781191306,448,0.39559792274426986,0.018794044795969043,0.8731221249826824,0.009222231088253685
77,0.9900162876427385,0.00027137063190650336,0.006521651707797611,4,11,339,1.1859568669774254e-05,0.2543275820531488,0.730059579491786,339,1.1244248314431775,0.018716510749432116,0.7224715697623906,0.011013991914111414
78,0.7923830529745768,4.005939630522075e-05,0.05348194284361236,5,8,487,1.2912357744050557e-05,10.352147492152733,0.7369808201314362,487,0.39097079304655064,0.01738834308682461,0.8781280697181671,0.006663526430238944
79,0.8337788692605136,3.5553211861858394e-07,0.0029944924024461472,4,5,104,1.2756855917274108e-05,0.036002559243708404,0.5159023407425826,104,1.9234005248585295,0.006915795974605888,0.6754280092141443,0.016564438925109434
80,0.7743576546037043,0.0006453741017505926,0.007617879035203032,7,2,532,0.00033943407477115374,1.2330519132649924,0.5196560699205495,532,0.6544628216216576,0.019772503252021293,0.8347105238646495,0.008842836914019896
81,0.8997051994545213,0.004478200204192239,0.0015941421165466322,7,11,418,2.4864154010257734e-05,0.0010271130302169293,0.9341505535177934,418,1.5485769365110602,0.012010947945684249,0.7426172960102567,0.009277986577648068
82,0.5422585038403409,0.0023741204028445767,0.2773819309332313,8,8,313,1.333671277287067e-06,2.525878835808015,0.7656328769867671,208,0.3568539043752381,0.015738499933781295,0.8805043202063868,0.004490334816847285
83,0.8602580306957324,3.639755932748574e-08,0.0023225637570547,4,7,102,1.139886313566193,0.19536283624291775,0.7660567426326579,102,2.002283057702256,0.00522399420558352,0.6555326741290903,0.01697696493789745
84,0.553586005669888,0.00010634358609575454,0.020862077353345027,8,9,218,2.4863225446588643e-05,0.0012298756020598938,0.6610395827915891,218,0.6342176468622983,0.016642756412196688,0.8357103665385359,0.005860307206761733
85,0.6057240034982723,8.860866014059985e-06,0.0019800006017055925,2,13,311,0.00018438664953177982,0.03889063406499766,0.8244114201457879,207,1.9901449847704762,0.006587557728791591,0.5615639781121022,0.017739871826654475
86,0.739791050877125,0.0018104867985068512,0.0668649639440978,8,8,523,7.672482668451368e-05,0.0037255679199804524,0.6418879528993622,277,0.3674418406226456,0.01706472360332761,0.8823825278784221,0.005704813979560317
87,0.6815411481993175,0.006505117896694046,0.025935048842942725,9,11,464,9.400183500618412e-06,15.144380389982613,0.5037671815670374,464,0.5521483554629929,0.018617259046794645,0.8372135745040901,0.008180721739729408
88,0.6126663988562642,1.941830763231045e-05,0.01615712280212839,7,11,545,3.680073716668427e-06,0.0059733038706600424,0.9483827123132126,545,0.46551102810380235,0.01878608912653745,0.863988365694767,0.007368588678639962
89,0.5401168728308211,0.0005255360422674464,0.010389692713301752,5,8,322,1.1735250562336812,0.3791532290893199,0.9586978065427658,322,0.8761946082538538,0.017561780526712298,0.7859110160370882,0.011057656873576144
90,0.5026500031988027,5.964917845140241,0.016430252277127626,7,3,161,2.31410948358103,0.3109531654044197,0.7858063447349499,132,1.0963666236258611,0.01891321271347378,0.759634893836182,0.010413471935032625
91,0.6399895468301421,0.08422410384447676,0.002906230425492398,7,4,374,6.245430014109046e-07,1.9781896025579904,0.7649200115905583,291,1.4408642445786566,0.01360481110906095,0.7877885975355373,0.010769663651403607
92,0.8536150478222222,0.08128595509637193,0.0016452365883042213,7,11,455,7.68740442607432e-06,0.4559178950926272,0.6846152407549481,455,1.5256598088103055,0.014223548606284523,0.7421171398582187,0.01105064523568653
93,0.7271339861095498,0.0008658208928840391,0.022895298157465493,3,13,267,0.19447779091756484,0.013805657272427805,0.8407513611119646,267,0.8537071478025089,0.02043660473057173,0.7507519170695702,0.010609753152311139
94,0.8801139299448433,0.002294820207373801,0.014728258563897414,8,3,193,9.12626869345765e-08,6.438874987266253,0.8729872627743591,193,0.8296233579729846,0.021278397300500216,0.8121872165096928,0.012470713916101696
95,0.7042591464679584,2.49139508820249,0.2848737732944444,3,12,582,3.967038417701772e-08,2.080113397747583,0.787236556589956,145,0.566928829960105,0.017764081259076057,0.8174430827777999,0.009134024342224994
96,0.920914388379136,1.8111373615781165e-07,0.09331974886690086,7,12,385,0.2668050774775723,0.006832155279602248,0.6178458730324998,261,0.3835973876777229,0.017271469833741112,0.8765011924693233,0.004598894717338503
97,0.8168792818600886,1.481819051598114,0.006070958647528201,3,9,501,0.22356043976512863,0.09248264303873184,0.6884722147124538,501,1.1088452065633354,0.02026503225054082,0.7033279560676612,0.012797979746033626
98,0.7313398928348032,5.157044363904152e-06,0.07110810186067928,8,1,252,1.5785635351201025e-05,0.05658650569813519,0.765928739844087,252,0.3226857993547328,0.02122004017786864,0.8932684774041347,0.006743069863595379
99,0.5333095561954084,1.1514060797505527e-06,0.022115846422169818,7,6,166,0.004460386345450839,0.03158006690092348,0.5696360363316937,166,0.7216783625576386,0.0166608799778368,0.8282029365975763,0.006609427556991104
